keyword,volume,cpc,competition,cluster,intent
"נדל""ן בקפריסין",320,6.7,MEDIUM,hub-cyprus,commercial
נדלן בקפריסין,320,6.7,MEDIUM,hub-cyprus (Variante),commercial
נדל ן בקפריסין,320,6.7,MEDIUM,hub-cyprus (Variante),commercial
וילות בקפריסין,320,0.8,MEDIUM,villas-cyprus,mixed (Urlaub/Kauf)
וילה בקפריסין,320,0.8,MEDIUM,villas-cyprus,mixed (Urlaub/Kauf)
דירות בקפריסין יד 2,260,2.27,MEDIUM,brand/portal-navigational,navigational
דירה בקפריסין,260,3.56,MEDIUM,hub-cyprus,commercial
דירות בקפריסין,260,3.56,MEDIUM,hub-cyprus,commercial
גינדי לימסול,260,,LOW,brand/portal-navigational,navigational
השקעות נדלן בחול,260,19.55,MEDIUM,overseas-generic (Blog),informational
נדלן ביוון,260,3.79,MEDIUM,greece (out of scope),commercial
וילות ביוון,260,0.83,MEDIUM,greece (out of scope),mixed (Urlaub/Kauf)
וילות בלימסול,210,1.02,MEDIUM,limassol-villas (NICHT bauen),mixed (Urlaub/Kauf)
רילוקיישן לקפריסין,170,2.72,LOW,relocation,informational
וילות בפאפוס,170,1.06,MEDIUM,paphos-villas,mixed (Urlaub/Kauf)
וילה בפאפוס,170,1.06,MEDIUM,paphos-villas,mixed (Urlaub/Kauf)
נדל ן בחול,170,19.65,MEDIUM,overseas-generic (Blog),informational
בתים למכירה ביוון ליד הים,170,1.55,MEDIUM,greece (out of scope),commercial
דירות למכירה בקפריסין,140,2.69,MEDIUM,hub-cyprus,commercial
"השקעות נדל""ן בקפריסין",140,5.69,MEDIUM,investment,commercial
השקעות נדלן בקפריסין,140,5.69,MEDIUM,investment (Variante),commercial
דירה להשקעה בקפריסין,140,4,HIGH,investment,commercial
דירות להשקעה בקפריסין,140,4,HIGH,investment,commercial
דירות ביוון,140,2.52,MEDIUM,greece (out of scope),commercial
דירות למכירה ביוון יד 2,140,2.55,MEDIUM,greece (out of scope),navigational
השקעה בקפריסין,110,6.72,HIGH,investment,commercial
השקעות בקפריסין,110,6.72,HIGH,investment,commercial
דירות בלימסול,110,2.66,HIGH,limassol-apartments,commercial
דירה בלימסול,110,2.66,HIGH,limassol-apartments,commercial
דירות בקפריסין מחירים,110,2.74,MEDIUM,prices,commercial
וילה למכירה בקפריסין על הים,110,2.35,MEDIUM,villas-cyprus (seafront),commercial
וילות בלרנקה,110,0.84,MEDIUM,larnaca (NICHT bauen),mixed (Urlaub/Kauf)
וילה בקפריסין למכירה,90,1.86,MEDIUM,villas-cyprus,commercial
דירות בפאפוס,90,1.5,MEDIUM,paphos-apartments,commercial
דירה בפאפוס,90,1.5,MEDIUM,paphos-apartments,commercial
דירות בלרנקה,90,2.62,MEDIUM,larnaca (NICHT bauen),commercial
ישראלים בקפריסין,90,,LOW,relocation,informational
מרינה לימסול,90,8.55,LOW,limassol-marina (Sektion im Hub),mixed (Tourismus/Kauf)
וילות בקפריסין לנופש,90,0.75,MEDIUM,rentals (NICHT bauen),commercial (rental)
וילה בקפריסין לנופש,90,0.75,MEDIUM,rentals (NICHT bauen),commercial (rental)
בית בקפריסין,70,2.86,MEDIUM,houses-cyprus,commercial
דירות בקפריסין למכירה,70,3.55,MEDIUM,hub-cyprus,commercial
דירות למכירה בקפריסין פאפוס,70,3,MEDIUM,paphos-apartments,commercial
דירות למכירה בפאפוס יד 2,70,1.57,MEDIUM,paphos-apartments (Resale-Intent),commercial
בתים למכירה בקפריסין היוונית,70,1.84,MEDIUM,houses-cyprus,commercial
נדלן בפאפוס,70,3.89,LOW,paphos-hub,commercial
בתים למכירה בקפריסין,70,2.58,HIGH,houses-cyprus,commercial
כמה עולה דירה בקפריסין,70,2.15,LOW,prices,commercial
"השקעות נדלן בחו""ל",70,8.46,LOW,overseas-generic (Blog),informational
דירות להשכרה בקפריסין יד 2,50,0.73,LOW,rentals (NICHT bauen),commercial (rental)
דירות למכירה בלימסול קפריסין יד 2,50,1.48,MEDIUM,limassol-apartments,commercial
בתים למכירה בפאפוס קורל ביי,50,2.52,HIGH,paphos-villas (Coral Bay),commercial
דירות למכירה בלרנקה קפריסין,50,2.55,MEDIUM,larnaca (NICHT bauen),commercial
מחיר דירות בקפריסין,50,3.35,MEDIUM,prices,commercial
מחירון דירות בקפריסין,50,3.35,MEDIUM,prices,commercial
מחירי דירות בקפריסין,50,3.35,MEDIUM,prices,commercial
דירות בפאפוס למכירה,50,3.19,HIGH,paphos-apartments,commercial
דירות למכירה בפאפוס,50,1.89,HIGH,paphos-apartments,commercial
דירות למכירה בלימסול,50,5.79,HIGH,limassol-apartments,commercial
נדלן קפריסין,50,4.56,MEDIUM,hub-cyprus,commercial
לימסול ישראלים,50,,LOW,relocation,informational
וילות להשכרה בקפריסין,50,0.88,MEDIUM,rentals (NICHT bauen),commercial (rental)
"נדל""ן בחו""ל",50,5.31,LOW,overseas-generic (Blog),informational
איפה כדאי לקנות דירה להשקעה בחול,50,6.35,MEDIUM,overseas-generic (Blog),informational
האם כדאי לקנות דירה ביוון,50,2.56,MEDIUM,greece (out of scope),informational
נכס בקפריסין,40,2.46,MEDIUM,hub-cyprus,commercial
נכסים בקפריסין,40,2.46,MEDIUM,hub-cyprus,commercial
דירה בלימסול גינדי,40,3.67,MEDIUM,brand/portal-navigational,navigational
גינדי לימסול מחיר,40,2.76,MEDIUM,brand/portal-navigational,navigational
אמנת מס קפריסין ישראל,40,,LOW,tax,informational
וילות למכירה בקפריסין,40,1.52,MEDIUM,villas-cyprus,commercial
קניית דירה בקפריסין,40,4.62,HIGH,buying-process,commercial
לימסול דירות למכירה,40,4.62,MEDIUM,limassol-apartments,commercial
בתים בקפריסין,40,2.49,MEDIUM,houses-cyprus,commercial
מעבר לקפריסין,40,1.51,LOW,relocation,informational
הגירה לקפריסין,40,2.51,LOW,relocation,informational
וילה בפאפוס עם בריכה,40,0.56,MEDIUM,paphos-villas,mixed (Urlaub/Kauf)
לרנקה דירות למכירה,40,2.23,MEDIUM,larnaca (NICHT bauen),commercial
וילות בקפריסין למשפחות,40,0.47,MEDIUM,rentals (NICHT bauen),commercial (rental)
דירות להשכרה בקפריסין,40,1.51,MEDIUM,rentals (NICHT bauen),commercial (rental)
דירות נופש בקפריסין,40,1.35,MEDIUM,rentals (NICHT bauen),commercial (rental)
השקעות בחו ל,40,8.63,MEDIUM,overseas-generic (Blog),informational
לגור בקפריסין,30,5.12,MEDIUM,relocation,informational
למה לא להשקיע בקפריסין,30,4.61,LOW,investment (FAQ),informational
פרויקטים בקפריסין,30,5.19,HIGH,new-projects (→ /he/projects),commercial
דירה להשקעה בלימסול,30,6.17,MEDIUM,limassol-investment,commercial
פרויקטים בלימסול,30,10.89,HIGH,limassol-projects,commercial
נדלן בלימסול,30,5.01,HIGH,limassol-hub,commercial
וילה בקפריסין עם בריכה,30,0.88,MEDIUM,villas-cyprus,mixed (Urlaub/Kauf)
תושבות בקפריסין,30,1.02,LOW,residency,informational
קניית נכס בקפריסין,30,3.35,HIGH,buying-process,commercial
קניית בית בקפריסין,30,3.46,MEDIUM,buying-process,commercial
"חובת דיווח על נכסים בחו""ל",30,,LOW,overseas-generic (Blog),informational
דירות להשכרה בקפריסין לטווח ארוך,30,2.33,MEDIUM,rentals (NICHT bauen),commercial (rental)
וילה בקפריסין להשכרה,30,1.11,MEDIUM,rentals (NICHT bauen),commercial (rental)
וילות בקפריסין להשכרה,30,1.11,MEDIUM,rentals (NICHT bauen),commercial (rental)
דירות להשכרה בפאפוס,30,0.56,MEDIUM,rentals (NICHT bauen),commercial (rental)
וילות להשכרה בפאפוס,30,0.87,HIGH,rentals (NICHT bauen),commercial (rental)
וילות להשכרה בלימסול,30,1.28,MEDIUM,rentals (NICHT bauen),commercial (rental)
דירות להשכרה בלרנקה,30,1.25,MEDIUM,larnaca (NICHT bauen),commercial (rental)
"לימסול נדל""ן",20,3.48,HIGH,limassol-hub,commercial
לימסול נדלן,20,3.48,HIGH,limassol-hub (Variante),commercial
קניתי דירה בקפריסין,20,,LOW,buying-process,informational
רכישת דירה בקפריסין,20,3.79,MEDIUM,buying-process,commercial
נכסים למכירה בקפריסין,20,2.89,MEDIUM,hub-cyprus,commercial
נדלן להשקעה בקפריסין,20,2.23,HIGH,investment,commercial
בית בקפריסין מחיר,20,2.68,MEDIUM,prices,commercial
בית בקפריסין על הים,20,2.73,MEDIUM,houses-cyprus (seafront),commercial
בתים בקפריסין על הים,20,2.8,MEDIUM,houses-cyprus (seafront),commercial
בתים בקפריסין למכירה,20,1.36,MEDIUM,houses-cyprus,commercial
וילה בקפריסין על הים למכירה,20,2.12,MEDIUM,villas-cyprus (seafront),commercial
וילה בקפריסין על הים,20,0.55,MEDIUM,villas-cyprus (seafront),mixed (Urlaub/Kauf)
דירות למכירה בלימסול קפריסין,20,5.02,HIGH,limassol-apartments,commercial
לימסול מרינה,20,1.65,LOW,limassol-marina (Sektion im Hub),mixed (Tourismus/Kauf)
דירות למכירה בפאפוס קפריסין,20,2.47,HIGH,paphos-apartments,commercial
פאפוס דירות למכירה,20,2.83,MEDIUM,paphos-apartments,commercial
וילות בקפריסין פאפוס,20,0.48,HIGH,paphos-villas,mixed (Urlaub/Kauf)
וילה בקפריסין פאפוס,20,0.48,HIGH,paphos-villas,mixed (Urlaub/Kauf)
וילה בפאפוס על הים,20,0.62,MEDIUM,paphos-villas,mixed (Urlaub/Kauf)
פאפוס וילות,20,1.05,MEDIUM,paphos-villas,mixed (Urlaub/Kauf)
דירות למכירה בקפריסין יד 2,20,2.9,MEDIUM,brand/portal-navigational,navigational
תושבות קבע בקפריסין,20,3.37,LOW,residency,informational
מיסוי נדלן בקפריסין,20,7.8,LOW,tax,informational
מס חברות בקפריסין,20,0.06,LOW,tax,informational
משכנתא בקפריסין,20,13.46,LOW,financing,informational
לעבור לגור בקפריסין,20,5.34,MEDIUM,relocation,informational
קהילה ישראלית בקפריסין,20,,LOW,relocation,informational
כמה ישראלים בקפריסין,20,,LOW,relocation,informational
פורום ישראלים בקפריסין,20,,LOW,relocation,informational
חווה למכירה בקפריסין,20,1.18,LOW,type-pages (NICHT bauen),commercial
בתים כפריים למכירה בקפריסין,20,1.07,MEDIUM,type-pages (NICHT bauen),commercial
בית כפרי בקפריסין,20,3.93,LOW,type-pages (NICHT bauen),commercial
וילות למכירה בלרנקה,20,0.8,MEDIUM,larnaca (NICHT bauen),commercial
דירות למכירה בקפריסין לרנקה,20,4.01,MEDIUM,larnaca (NICHT bauen),commercial
דירות בלרנקה להשכרה,20,1.17,MEDIUM,larnaca (NICHT bauen),commercial (rental)
דירות נופש בלרנקה,20,0.55,MEDIUM,larnaca (NICHT bauen),commercial (rental)
דירות בקפריסין להשכרה,20,0.79,MEDIUM,rentals (NICHT bauen),commercial (rental)
דירות להשכרה בלימסול קפריסין,20,1.43,MEDIUM,rentals (NICHT bauen),commercial (rental)
דירות להשכרה בלימסול,20,0.92,MEDIUM,rentals (NICHT bauen),commercial (rental)
דירות נופש בפאפוס,20,1.56,MEDIUM,rentals (NICHT bauen),commercial (rental)
"דירה להשקעה בחו""ל",20,2.67,MEDIUM,overseas-generic (Blog),commercial
קניית נכס בחו ל,20,,,overseas-generic (Blog),commercial
מס על הכנסה מחול,20,,LOW,overseas-generic (Blog),informational
"מס על רווחי הון בחו""ל",20,0.1,LOW,overseas-generic (Blog),informational
תושבות קפריסין,10,,LOW,residency,informational
מיסים קפריסין,10,,LOW,tax,informational
"פאפוס נדל""ן",0,,,paphos-hub,commercial
פרויקטים חדשים בקפריסין,0,,,new-projects,commercial
"קפריסין נדל""ן להשקעה",0,,,investment,commercial
פנטהאוז בקפריסין,0,,,type-pages (NICHT bauen),commercial
"נדל""ן בלימסול",0,,,limassol-hub,commercial
"נדל""ן בפאפוס",0,,,paphos-hub,commercial
